rank,name,admin,country,population,slug,lat,lon,geonameid,feature_code
1,New York City,NY,US,8804190,new-york-city-ny,40.71427,-74.00597,5128581,PPL
2,Los Angeles,CA,US,3820914,los-angeles-ca,34.05223,-118.24368,5368361,PPLA2
3,Toronto,ON,CA,2794356,toronto-on,43.70643,-79.39864,6167865,PPLA
4,Chicago,IL,US,2664452,chicago-il,41.85003,-87.65005,4887398,PPLA2
5,Houston,TX,US,2314157,houston-tx,29.76328,-95.36327,4699066,PPLA2
6,Montréal,QC,CA,1762949,montreal-qc,45.50884,-73.58781,6077243,PPLA2
7,Phoenix,AZ,US,1650070,phoenix-az,33.44838,-112.07404,5308655,PPLA
8,Philadelphia,PA,US,1573916,philadelphia-pa,39.95238,-75.16362,4560349,PPLA2
9,San Antonio,TX,US,1526656,san-antonio-tx,29.42412,-98.49363,4726206,PPLA2
10,San Diego,CA,US,1404452,san-diego-ca,32.71571,-117.16472,5391811,PPLA2
11,Dallas,TX,US,1326087,dallas-tx,32.78306,-96.80667,4684888,PPLA2
12,Calgary,AB,CA,1306784,calgary-ab,51.05011,-114.08529,5913490,PPL
13,Ottawa,ON,CA,1017449,ottawa-on,45.41117,-75.69812,6094817,PPLC
14,Edmonton,AB,CA,1010899,edmonton-ab,53.55014,-113.46871,5946768,PPLA
15,Jacksonville,FL,US,1009833,jacksonville-fl,30.33218,-81.65565,4160021,PPLA2
16,Fort Worth,TX,US,1008106,fort-worth-tx,32.72541,-97.32085,4691930,PPLA2
17,San Jose,CA,US,997368,san-jose-ca,37.33939,-121.89496,5392171,PPLA2
18,Austin,TX,US,974447,austin-tx,30.26715,-97.74306,4671654,PPLA
19,Columbus,OH,US,913175,columbus-oh,39.96118,-82.99879,4509177,PPLA
20,Charlotte,NC,US,911311,charlotte-nc,35.22709,-80.84313,4460243,PPLA2
21,Indianapolis,IN,US,887642,indianapolis-in,39.76838,-86.15804,4259418,PPLA
22,San Francisco,CA,US,827526,san-francisco-ca,37.77493,-122.41942,5391959,PPLA2
23,Seattle,WA,US,780995,seattle-wa,47.60621,-122.33207,5809844,PPLA2
24,Winnipeg,MB,CA,749607,winnipeg-mb,49.8844,-97.14704,6183235,PPLA
25,Denver,CO,US,729019,denver-co,39.73915,-104.9847,5419384,PPLA
26,Mississauga,ON,CA,717961,mississauga-on,43.5789,-79.6583,6075357,PPL
27,Washington,DC,US,689545,washington-dc,38.89511,-77.03637,4140963,PPLC
28,Nashville,TN,US,689447,nashville-tn,36.16589,-86.78444,4644585,PPLA
29,Oklahoma City,OK,US,681054,oklahoma-city-ok,35.46756,-97.51643,4544349,PPLA
30,El Paso,TX,US,678815,el-paso-tx,31.75872,-106.48693,5520993,PPLA2
31,Vancouver,BC,CA,662248,vancouver-bc,49.24966,-123.11934,6173331,PPL
32,Brampton,ON,CA,656480,brampton-on,43.68341,-79.76633,5907364,PPL
33,Boston,MA,US,653833,boston-ma,42.35843,-71.05977,4930956,PPLA
34,Portland,OR,US,652503,portland-or,45.52345,-122.67621,5746545,PPLA2
35,Detroit,MI,US,645705,detroit-mi,42.33143,-83.04575,4990729,PPLA2
36,Las Vegas,NV,US,641903,las-vegas-nv,36.17497,-115.13722,5506956,PPLA2
37,Memphis,TN,US,633104,memphis-tn,35.14953,-90.04898,4641239,PPLA2
38,Louisville,KY,US,624444,louisville-ky,38.25424,-85.75941,4299276,PPLA2
39,Baltimore,MD,US,585708,baltimore-md,39.29038,-76.61219,4347778,PPLA2
40,Hamilton,ON,CA,569353,hamilton-on,43.25011,-79.84963,5969782,PPL
41,Surrey,BC,CA,568322,surrey-bc,49.10635,-122.82509,6159905,PPL
42,Albuquerque,NM,US,564559,albuquerque-nm,35.08449,-106.65114,5454711,PPLA2
43,Milwaukee,WI,US,563531,milwaukee-wi,43.0389,-87.90647,5263045,PPLA2
44,Tucson,AZ,US,542629,tucson-az,32.22174,-110.92648,5318313,PPLA2
45,Fresno,CA,US,542107,fresno-ca,36.74773,-119.77237,5350937,PPLA2
46,Québec,QC,CA,531902,quebec-qc,46.81228,-71.21454,6325494,PPLA
47,Sacramento,CA,US,524943,sacramento-ca,38.58157,-121.4944,5389489,PPLA
48,Atlanta,GA,US,510823,atlanta-ga,33.749,-84.38798,4180439,PPLA
49,Miami,FL,US,487014,miami-fl,25.77427,-80.19366,4164138,PPLA2
50,Omaha,NE,US,486051,omaha-ne,41.25626,-95.94043,5074472,PPLA2
51,Raleigh,NC,US,482295,raleigh-nc,35.7721,-78.63861,4487042,PPLA
52,Kansas City,MO,US,475378,kansas-city-mo,39.09973,-94.57857,4393217,PPL
53,Long Beach,CA,US,474140,long-beach-ca,33.76696,-118.18923,5367929,PPL
54,Mesa,AZ,US,471825,mesa-az,33.42227,-111.82264,5304391,PPL
55,Halifax,NS,CA,471559,halifax-ns,44.64269,-63.57688,6324729,PPLA
56,Colorado Springs,CO,US,456568,colorado-springs-co,38.83388,-104.82136,5417598,PPLA2
57,Virginia Beach,VA,US,454808,virginia-beach-va,36.85293,-75.97799,4791259,PPLA2
58,Laval,QC,CA,438366,laval-qc,45.56995,-73.692,6050610,PPL
59,London,ON,CA,422324,london-on,42.98339,-81.23304,6058560,PPL
60,Oakland,CA,US,419267,oakland-ca,37.80437,-122.2708,5378538,PPLA2
61,Tampa,FL,US,414547,tampa-fl,27.94752,-82.45843,4174757,PPLA2
62,Tulsa,OK,US,413066,tulsa-ok,36.15398,-95.99277,4553433,PPLA2
63,Minneapolis,MN,US,410939,minneapolis-mn,44.97997,-93.26384,5037649,PPLA2
64,Wichita,KS,US,396119,wichita-ks,37.69224,-97.33754,4281730,PPLA2
65,Arlington,TX,US,388125,arlington-tx,32.73569,-97.10807,4671240,PPL
66,Bakersfield,CA,US,373640,bakersfield-ca,35.37329,-119.01871,5325738,PPLA2
67,Cleveland,OH,US,365379,cleveland-oh,41.4995,-81.69541,5150529,PPLA2
68,New Orleans,LA,US,362701,new-orleans-la,29.95465,-90.07507,4335045,PPLA2
69,Aurora,CO,US,359407,aurora-co,39.72943,-104.83192,5412347,PPL
70,Honolulu,HI,US,350964,honolulu-hi,21.30694,-157.85833,5856195,PPLA
71,Anaheim,CA,US,350742,anaheim-ca,33.83529,-117.9145,5323810,PPL
72,Markham,ON,CA,338503,markham-on,43.86682,-79.2663,6066513,PPL
73,Orlando,FL,US,334854,orlando-fl,28.53834,-81.37924,4167147,PPLA2
74,Vaughan,ON,CA,323103,vaughan-on,43.8361,-79.49827,6173577,PPL
75,Lexington,KY,US,320347,lexington-ky,37.98869,-84.47772,4297983,PPLA2
76,Riverside,CA,US,317261,riverside-ca,33.95335,-117.39616,5387877,PPLA2
77,Corpus Christi,TX,US,316239,corpus-christi-tx,27.80058,-97.39638,4683416,PPLA2
78,Lexington-Fayette,KY,US,314488,lexington-fayette-ky,38.0498,-84.45855,4297999,PPL
79,Cincinnati,OH,US,311097,cincinnati-oh,39.12711,-84.51439,4508722,PPLA2
80,Santa Ana,CA,US,310227,santa-ana-ca,33.74557,-117.86783,5392900,PPLA2
81,Stockton,CA,US,305658,stockton-ca,37.9577,-121.29078,5399020,PPLA2
82,Pittsburgh,PA,US,304391,pittsburgh-pa,40.44062,-79.99589,5206379,PPLA2
83,Saint Paul,MN,US,303176,saint-paul-mn,44.94441,-93.09327,5045360,PPLA
84,Gatineau,QC,CA,300045,gatineau-qc,45.47723,-75.70164,5959974,PPL
85,Lincoln,NE,US,294757,lincoln-ne,40.8,-96.66696,5072006,PPLA
86,Victoria,BC,CA,289625,victoria-bc,48.4359,-123.35155,6174041,PPLA
87,Anchorage,AK,US,289600,anchorage-ak,61.21806,-149.90028,5879400,PPLA2
88,Meads,KY,US,288649,meads-ky,38.41258,-82.70905,4300488,PPL
89,Henderson,NV,US,285667,henderson-nv,36.0397,-114.98194,5505411,PPL
90,Greensboro,NC,US,285342,greensboro-nc,36.07264,-79.79198,4469146,PPL
91,Plano,TX,US,283558,plano-tx,33.01984,-96.69889,4719457,PPL
92,Newark,NJ,US,281944,newark-nj,40.73566,-74.17237,5101798,PPLA2
93,Madison,WI,US,280305,madison-wi,43.07305,-89.40123,5261457,PPLA
94,St. Louis,MO,US,279695,st-louis-mo,38.62727,-90.19789,4407066,PPLA2
95,Saskatoon,SK,CA,266141,saskatoon-sk,52.13238,-106.66892,6141256,PPL
96,Chula Vista,CA,US,265757,chula-vista-ca,32.64005,-117.0842,5336899,PPL
97,Toledo,OH,US,265638,toledo-oh,41.66394,-83.55521,5174035,PPLA2
98,Jersey City,NJ,US,264290,jersey-city-nj,40.72816,-74.07764,5099836,PPLA2
99,Reno,NV,US,264165,reno-nv,39.52963,-119.8138,5511077,PPLA2
100,Chandler,AZ,US,260828,chandler-az,33.30616,-111.84125,5289282,PPL
101,Fort Wayne,IN,US,260326,fort-wayne-in,41.1306,-85.12886,4920423,PPLA2
102,Buffalo,NY,US,258071,buffalo-ny,42.88645,-78.87837,5110629,PPLA2
103,Durham,NC,US,257636,durham-nc,35.99403,-78.89862,4464368,PPLA2
104,St. Petersburg,FL,US,257083,st-petersburg-fl,27.77086,-82.67927,4171563,PPL
105,Irvine,CA,US,256927,irvine-ca,33.66946,-117.82311,5359777,PPL
106,Kitchener,ON,CA,256885,kitchener-on,43.42537,-80.5112,5992996,PPL
107,Laredo,TX,US,256153,laredo-tx,27.50641,-99.50754,4705349,PPLA2
108,Burnaby,BC,CA,249125,burnaby-bc,49.26636,-122.95263,5911606,PPL
109,Lubbock,TX,US,249042,lubbock-tx,33.57786,-101.85517,5525577,PPLA2
110,Gilbert,AZ,US,247542,gilbert-az,33.35283,-111.78903,5295903,PPL
111,Winston-Salem,NC,US,241218,winston-salem-nc,36.09986,-80.24422,4499612,PPLA2
112,Glendale,AZ,US,240126,glendale-az,33.53865,-112.18599,5295985,PPL
113,Norfolk,VA,US,238005,norfolk-va,36.84681,-76.28522,4776222,PPLA2
114,Hialeah,FL,US,237069,hialeah-fl,25.8576,-80.27811,4158476,PPL
115,Garland,TX,US,236897,garland-tx,32.91262,-96.63888,4693003,PPL
116,Scottsdale,AZ,US,236839,scottsdale-az,33.50921,-111.89903,5313457,PPL
117,Irving,TX,US,236607,irving-tx,32.81402,-96.94889,4700168,PPL
118,Boise,ID,US,235684,boise-id,43.6135,-116.20345,5586437,PPLA
119,Chesapeake,VA,US,235429,chesapeake-va,36.81904,-76.27494,4752186,PPLA2
120,North Las Vegas,NV,US,234807,north-las-vegas-nv,36.19886,-115.1175,5509403,PPL
121,Fremont,CA,US,232206,fremont-ca,37.54827,-121.98857,5350734,PPL
122,Windsor,ON,CA,229660,windsor-on,42.30008,-83.01654,6182962,PPL
123,Spokane,WA,US,229447,spokane-wa,47.65966,-117.42908,5811696,PPLA2
124,Longueuil,QC,CA,229330,longueuil-qc,45.5152,-73.46818,6059891,PPL
125,Baton Rouge,LA,US,227470,baton-rouge-la,30.44332,-91.18747,4315588,PPLA
126,Richmond,VA,US,226610,richmond-va,37.55376,-77.46026,4781708,PPLA
127,Regina,SK,CA,226404,regina-sk,50.45008,-104.6178,6119109,PPLA
128,Paradise,NV,US,223167,paradise-nv,36.09719,-115.14666,5509952,PPL
129,Tacoma,WA,US,222906,tacoma-wa,47.25288,-122.44429,5812944,PPLA2
130,San Bernardino,CA,US,216108,san-bernardino-ca,34.10834,-117.28977,5391710,PPLA2
131,Salt Lake City,UT,US,215548,salt-lake-city-ut,40.76078,-111.89105,5780993,PPLA
132,Huntsville,AL,US,215006,huntsville-al,34.7304,-86.58594,4068590,PPLA2
133,Des Moines,IA,US,214133,des-moines-ia,41.60054,-93.60911,4853828,PPLA
134,Oakville,ON,CA,213759,oakville-on,43.45011,-79.68292,6092122,PPL
135,Fontana,CA,US,212704,fontana-ca,34.09223,-117.43505,5349755,PPL
136,Modesto,CA,US,211266,modesto-ca,37.6391,-120.99688,5373900,PPLA2
137,Richmond,BC,CA,209937,richmond-bc,49.17003,-123.13683,6122085,PPL
138,Rochester,NY,US,209802,rochester-ny,43.15478,-77.61556,5134086,PPLA2
139,Arlington,VA,US,207627,arlington-va,38.88101,-77.10428,4744709,PPLA2
140,Oxnard,CA,US,207254,oxnard-ca,34.1975,-119.17705,5380184,PPL
141,Columbus,GA,US,206922,columbus-ga,32.46098,-84.98771,4188985,PPLA2
142,Worcester,MA,US,206518,worcester-ma,42.26259,-71.80229,4956184,PPLA2
143,Moreno Valley,CA,US,204198,moreno-valley-ca,33.93752,-117.23059,5374732,PPL
144,Little Rock,AR,US,202591,little-rock-ar,34.74648,-92.28959,4119403,PPLA
145,Richmond Hill,ON,CA,202022,richmond-hill-on,43.87111,-79.43725,6122091,PPL
146,Fayetteville,NC,US,201963,fayetteville-nc,35.05266,-78.87836,4466033,PPLA2
147,Huntington Beach,CA,US,201899,huntington-beach-ca,33.6603,-117.99923,5358705,PPL
148,Tallahassee,FL,US,201731,tallahassee-fl,30.43826,-84.28073,4174715,PPLA
149,Yonkers,NY,US,201116,yonkers-ny,40.9304,-73.89789,5145215,PPL
150,Glendale,CA,US,201020,glendale-ca,34.14251,-118.25508,5352423,PPL
151,Cypress,TX,US,200839,cypress-tx,29.96911,-95.69717,4684724,PPL
152,Aurora,IL,US,200661,aurora-il,41.76058,-88.32007,4883817,PPL
153,Amarillo,TX,US,198645,amarillo-tx,35.222,-101.8313,5516233,PPLA2
154,Akron,OH,US,197542,akron-oh,41.08144,-81.51901,5145476,PPLA2
155,Vancouver,WA,US,196442,vancouver-wa,45.63873,-122.66149,5814616,PPLA2
156,Birmingham,AL,US,196357,birmingham-al,33.52066,-86.80249,4049979,PPLA2
157,Montgomery,AL,US,195287,montgomery-al,32.36681,-86.29997,4076784,PPLA
158,Grand Rapids,MI,US,195097,grand-rapids-mi,42.96336,-85.66809,4994358,PPLA2
159,Peoria,AZ,US,190985,peoria-az,33.5806,-112.23738,5308480,PPL
160,Providence,RI,US,190934,providence-ri,41.82399,-71.41283,5224151,PPLA
161,Knoxville,TN,US,190740,knoxville-tn,35.96064,-83.92074,4634946,PPLA2
162,Sunrise Manor,NV,US,189372,sunrise-manor-nv,36.21108,-115.07306,5513343,PPL
163,Grand Prairie,TX,US,187809,grand-prairie-tx,32.74596,-96.99778,4694482,PPL
164,Shreveport,LA,US,187593,shreveport-la,32.52515,-93.75018,4341513,PPLA2
165,Burlington,ON,CA,186948,burlington-on,43.38621,-79.83713,5911592,PPL
166,Brownsville,TX,US,186738,brownsville-tx,25.90175,-97.49748,4676740,PPLA2
167,Overland Park,KS,US,186515,overland-park-ks,38.98223,-94.67079,4276873,PPL
168,Newport News,VA,US,186247,newport-news-va,36.98038,-76.42975,4776024,PPLA2
169,Mobile,AL,US,183289,mobile-al,30.69436,-88.04305,4076598,PPLA2
170,Fort Lauderdale,FL,US,183146,fort-lauderdale-fl,26.12231,-80.14338,4155966,PPLA2
171,Santa Clarita,CA,US,182371,santa-clarita-ca,34.39166,-118.54259,5393049,PPL
172,Chattanooga,TN,US,181099,chattanooga-tn,35.04563,-85.30968,4612862,PPLA2
173,Spring Valley,NV,US,178395,spring-valley-nv,36.10803,-115.245,5512909,PPL
174,Santa Rosa,CA,US,178127,santa-rosa-ca,38.44047,-122.71443,5393287,PPLA2
175,Eugene,OR,US,176654,eugene-or,44.05207,-123.08675,5725846,PPLA2
176,Tempe,AZ,US,175826,tempe-az,33.41477,-111.90931,5317058,PPL
177,Oceanside,CA,US,175691,oceanside-ca,33.19587,-117.37948,5378771,PPL
178,Salem,OR,US,175535,salem-or,44.9429,-123.0351,5750162,PPLA
179,Garden Grove,CA,US,175393,garden-grove-ca,33.77391,-117.94145,5351515,PPL
180,Oshawa,ON,CA,175383,oshawa-on,43.90012,-78.84957,6094578,PPL
181,Rancho Cucamonga,CA,US,175236,rancho-cucamonga-ca,34.1064,-117.59311,5385955,PPL
182,Cape Coral,FL,US,175229,cape-coral-fl,26.56285,-81.94953,4149962,PPL
183,Sioux Falls,SD,US,171544,sioux-falls-sd,43.54369,-96.72796,5231851,PPLA2
184,Ontario,CA,US,171214,ontario-ca,34.06334,-117.65089,5379439,PPL
185,Fort Collins,CO,US,170924,fort-collins-co,40.58526,-105.08442,5577147,PPLA2
186,Springfield,MO,US,170188,springfield-mo,37.21533,-93.29824,4409896,PPLA2
187,Elk Grove,CA,US,166913,elk-grove-ca,38.4088,-121.37162,5346111,PPL
188,Clarksville,TN,US,166722,clarksville-tn,36.52977,-87.35945,4613868,PPLA2
189,Pembroke Pines,FL,US,166611,pembroke-pines-fl,26.00315,-80.22394,4168139,PPL
190,Greater Sudbury,ON,CA,166004,greater-sudbury-on,46.49,-80.99001,5964700,PPL
191,Murfreesboro,TN,US,165430,murfreesboro-tn,35.84562,-86.39027,4644312,PPLA2
192,Port Saint Lucie,FL,US,164603,port-saint-lucie-fl,27.29393,-80.35033,4169171,PPL
193,Corona,CA,US,164226,corona-ca,33.87529,-117.56644,5339631,PPL
194,McKinney,TX,US,162898,mckinney-tx,33.19762,-96.61527,4710178,PPLA2
195,Lancaster,CA,US,161103,lancaster-ca,34.69804,-118.13674,5364940,PPL
196,Cary,NC,US,159769,cary-nc,35.79154,-78.78112,4459467,PPL
197,Alexandria,VA,US,159467,alexandria-va,38.80484,-77.04692,4744091,PPLA2
198,Tempe Junction,AZ,US,158368,tempe-junction-az,33.41421,-111.94348,5317071,PPL
199,Palmdale,CA,US,158351,palmdale-ca,34.57943,-118.11646,5380698,PPL
200,Hayward,CA,US,158289,hayward-ca,37.66882,-122.0808,5355933,PPL
201,Salinas,CA,US,157380,salinas-ca,36.67774,-121.6555,5391295,PPLA2
202,Sunnyvale,CA,US,155805,sunnyvale-ca,37.36883,-122.03635,5400075,PPL
203,Frisco,TX,US,154407,frisco-tx,33.15067,-96.82361,4692559,PPL
204,Springfield,MA,US,154341,springfield-ma,42.10148,-72.58981,4951788,PPL
205,East Chattanooga,TN,US,154024,east-chattanooga-tn,35.06535,-85.24912,4619947,PPL
206,Pasadena,TX,US,153784,pasadena-tx,29.69106,-95.2091,4717782,PPL
207,Jackson,MS,US,153701,jackson-ms,32.29876,-90.18481,4431410,PPLA
208,Pomona,CA,US,153266,pomona-ca,34.05529,-117.75228,5384170,PPL
209,Kansas City,KS,US,152933,kansas-city-ks,39.11417,-94.62746,4273837,PPLA2
210,Lakewood,CO,US,152597,lakewood-co,39.70471,-105.08137,5427946,PPL
211,Escondido,CA,US,151038,escondido-ca,33.11921,-117.08642,5346827,PPL
212,Hollywood,FL,US,149728,hollywood-fl,26.0112,-80.14949,4158928,PPL
213,Saguenay,QC,CA,148886,saguenay-qc,48.41675,-71.06573,6137270,PPL
214,Coquitlam,BC,CA,148625,coquitlam-bc,49.2846,-122.78217,5927690,PPL?
215,Valencia,CA,US,148456,valencia-ca,34.44361,-118.60953,5405288,PPL
216,Rockford,IL,US,148278,rockford-il,42.27113,-89.094,4907959,PPLA2
217,East Hampton,VA,US,147993,east-hampton-va,37.03737,-76.33161,4756955,PPL
218,Joliet,IL,US,147861,joliet-il,41.52519,-88.0834,4898015,PPLA2
219,Barrie,ON,CA,147829,barrie-on,44.40011,-79.66634,5894171,PPL
220,Savannah,GA,US,147780,savannah-ga,32.08354,-81.09983,4221552,PPLA2
221,Paterson,NJ,US,147754,paterson-nj,40.91677,-74.17181,5102466,PPLA2
222,Bridgeport,CT,US,147629,bridgeport-ct,41.17923,-73.18945,5282804,PPL
223,Naperville,IL,US,147100,naperville-il,41.78586,-88.14729,4903279,PPL
224,Gainesville,FL,US,145214,gainesville-fl,29.65163,-82.32483,4156404,PPLA2
225,Mesquite,TX,US,144788,mesquite-tx,32.7668,-96.59916,4710826,PPL
226,Kelowna,BC,CA,144576,kelowna-bc,49.88307,-119.48568,5990579,PPL
227,Trois-Rivières,QC,CA,144472,trois-rivieres-qc,46.34515,-72.5477,6169141,PPL
228,Syracuse,NY,US,144142,syracuse-ny,43.04812,-76.14742,5140405,PPLA2
229,Guelph,ON,CA,143740,guelph-on,43.54594,-80.25599,5967629,PPL
230,Torrance,CA,US,143592,torrance-ca,33.83585,-118.34063,5403022,PPL
231,Lévis,QC,CA,143414,levis-qc,46.80326,-71.17793,6325521,PPL
232,Surprise,AZ,US,143148,surprise-az,33.63059,-112.33322,5316428,PPL
233,Metairie Terrace,LA,US,142489,metairie-terrace-la,29.97854,-90.16396,4333190,PPL
234,Columbia,SC,US,142416,columbia-sc,34.00071,-81.03481,4575352,PPLA
235,Pasadena,CA,US,142250,pasadena-ca,34.14778,-118.14452,5381396,PPL
236,Abbotsford,BC,CA,141397,abbotsford-bc,49.05798,-122.25257,5881791,PPL
237,Orange,CA,US,140992,orange-ca,33.78779,-117.85311,5379513,PPLA2
238,Fullerton,CA,US,140847,fullerton-ca,33.87029,-117.92534,5351247,PPL
239,Killeen,TX,US,140806,killeen-tx,31.11712,-97.7278,4703223,PPL
240,McAllen,TX,US,140269,mcallen-tx,26.20341,-98.23001,4709796,PPL
241,Bellevue,WA,US,139820,bellevue-wa,47.61038,-122.20068,5786882,PPL
242,Whitby,ON,CA,138501,whitby-on,43.88342,-78.93287,6180170,PPL?
243,Metairie,LA,US,138481,metairie-la,29.98409,-90.15285,4333177,PPL
244,Hampton,VA,US,137148,hampton-va,37.02987,-76.34522,4762894,PPLA2
245,Miramar,FL,US,137132,miramar-fl,25.98731,-80.23227,4164601,PPL
246,St. Catharines,ON,CA,136803,st-catharines-on,43.17126,-79.24267,6155721,PPL
247,Van Nuys,CA,US,136443,van-nuys-ca,34.18667,-118.44897,5405693,PPL
248,West Valley City,UT,US,136208,west-valley-city-ut,40.69161,-112.00105,5784607,PPL
249,Dayton,OH,US,135512,dayton-oh,39.75895,-84.19161,4509884,PPLA2
250,Olathe,KS,US,134305,olathe-ks,38.8814,-94.81913,4276614,PPLA2
251,Warren,MI,US,134056,warren-mi,42.49044,-83.01304,5014051,PPL
252,Thornton,CO,US,133451,thornton-co,39.86804,-104.97192,5441492,PPL
253,Carrollton,TX,US,133168,carrollton-tx,32.95373,-96.89028,4679195,PPL
254,Milton,ON,CA,132979,milton-on,43.51681,-79.88294,6074377,PPLA2
255,Charleston,SC,US,132609,charleston-sc,32.77632,-79.93275,4574324,PPLA2
256,Langley,BC,CA,132603,langley-bc,49.10107,-122.65883,6049429,PPL
257,Midland,TX,US,132524,midland-tx,31.99735,-102.07791,5526337,PPLA2
258,Kingston,ON,CA,132485,kingston-on,44.22976,-76.48098,5992500,PPL
259,Waco,TX,US,132356,waco-tx,31.54933,-97.14667,4739526,PPLA2
260,Sterling Heights,MI,US,132052,sterling-heights-mi,42.58031,-83.0302,5011148,PPL
261,Denton,TX,US,131044,denton-tx,33.21484,-97.13307,4685907,PPLA2
262,Cedar Rapids,IA,US,130405,cedar-rapids-ia,42.00833,-91.64407,4850751,PPLA2
263,New Haven,CT,US,130322,new-haven-ct,41.30815,-72.92816,4839366,PPL
264,Roseville,CA,US,130269,roseville-ca,38.75212,-121.28801,5388881,PPL
265,Visalia,CA,US,130104,visalia-ca,36.33023,-119.29206,5406567,PPLA2
266,Cambridge,ON,CA,129920,cambridge-on,43.3601,-80.31269,5913695,PPL
267,Coral Springs,FL,US,129485,coral-springs-fl,26.27119,-80.2706,4151909,PPL
268,Sherbrooke,QC,CA,129447,sherbrooke-qc,45.40008,-71.89908,6146143,PPL
269,Thousand Oaks,CA,US,129339,thousand-oaks-ca,34.17056,-118.83759,5402405,PPL
270,Columbia,MO,US,129330,columbia-mo,38.95171,-92.33407,4381982,PPLA2
271,Elizabeth,NJ,US,129007,elizabeth-nj,40.66399,-74.2107,5097598,PPLA2
272,Stamford,CT,US,128874,stamford-ct,41.05343,-73.53873,4843564,PPL
273,Concord,CA,US,128667,concord-ca,37.97798,-122.03107,5339111,PPL
274,Norman,OK,US,128026,norman-ok,35.22257,-97.43948,4543762,PPLA2
275,Athens,GA,US,127315,athens-ga,33.96095,-83.37794,4180386,PPLA2
276,Kent,WA,US,126952,kent-wa,47.38093,-122.23484,5799625,PPL
277,Simi Valley,CA,US,126788,simi-valley-ca,34.26945,-118.78148,5396003,PPL
278,East Los Angeles,CA,US,126496,east-los-angeles-ca,34.0239,-118.17202,5344994,PPL
279,Santa Clara,CA,US,126215,santa-clara-ca,37.35411,-121.95524,5393015,PPL
280,Topeka,KS,US,125963,topeka-ks,39.04833,-95.67804,4280539,PPLA
281,Abilene,TX,US,125182,abilene-tx,32.44874,-99.73314,4669635,PPLA2
282,Amherst,NY,US,122366,amherst-ny,42.97839,-78.79976,5107129,PPL
283,Victorville,CA,US,122225,victorville-ca,34.53611,-117.29116,5406222,PPL
284,Vallejo,CA,US,121692,vallejo-ca,38.10409,-122.25664,5405380,PPL
285,Lafayette,LA,US,121374,lafayette-la,30.22409,-92.01984,4330145,PPLA2
286,Chico,CA,US,121345,chico-ca,39.72849,-121.83748,5336269,PPL
287,North Stamford,CT,US,121230,north-stamford-ct,41.13815,-73.54346,4839745,PPL
288,Hartford,CT,US,121054,hartford-ct,41.76371,-72.68509,4835797,PPLA
289,Berkeley,CA,US,120972,berkeley-ca,37.87159,-122.27275,5327684,PPL
290,West Palm Beach,FL,US,120932,west-palm-beach-fl,26.71534,-80.05337,4177887,PPLA2
291,Allentown,PA,US,120207,allentown-pa,40.60843,-75.49018,5178127,PPLA2
292,Evansville,IN,US,119943,evansville-in,37.97476,-87.55585,4257227,PPLA2
293,Palm Bay,FL,US,119760,palm-bay-fl,28.03446,-80.58866,4167499,PPL
294,Ajax,ON,CA,119677,ajax-on,43.85012,-79.03288,5882873,PPL
295,Fargo,ND,US,118523,fargo-nd,46.87719,-96.7898,5059163,PPLA2
296,Saanich,BC,CA,117735,saanich-bc,48.54964,-123.36931,6136944,PPL?
297,Clearwater,FL,US,117292,clearwater-fl,27.96585,-82.8001,4151316,PPLA2
298,Independence,MO,US,117255,independence-mo,39.09112,-94.41551,4391812,PPL
299,Billings,MT,US,117116,billings-mt,45.78329,-108.50069,5640350,PPLA2
300,Ann Arbor,MI,US,117070,ann-arbor-mi,42.27756,-83.74088,4984247,PPLA2
301,El Monte,CA,US,116732,el-monte-ca,34.06862,-118.02757,5345743,PPL
302,Westminster,CO,US,116317,westminster-co,39.83665,-105.0372,5443910,PPL
303,Round Rock,TX,US,115997,round-rock-tx,30.50826,-97.6789,4724129,PPL
304,Wilmington,NC,US,115933,wilmington-nc,34.23556,-77.94604,4499379,PPLA2
305,Arvada,CO,US,115368,arvada-co,39.80276,-105.08748,5412199,PPL
306,Beaumont,TX,US,115282,beaumont-tx,30.08605,-94.10185,4672989,PPLA2
307,Provo,UT,US,115162,provo-ut,40.23384,-111.65853,5780026,PPLA2
308,Peoria,IL,US,115070,peoria-il,40.69365,-89.58899,4905687,PPLA2
309,Carlsbad,CA,US,114746,carlsbad-ca,33.15809,-117.35059,5334223,PPL
310,Odessa,TX,US,114428,odessa-tx,31.84568,-102.36764,5527554,PPLA2
311,Springfield,IL,US,114394,springfield-il,39.80172,-89.64371,4250542,PPLA
312,Downey,CA,US,114219,downey-ca,33.94001,-118.13257,5343858,PPL
313,Costa Mesa,CA,US,113204,costa-mesa-ca,33.64113,-117.91867,5339840,PPL
314,Miami Gardens,FL,US,113187,miami-gardens-fl,25.94204,-80.2456,4164167,PPL
315,North Peoria,IL,US,113004,north-peoria-il,40.71754,-89.58426,4903976,PPL
316,Fairfield,CA,US,112970,fairfield-ca,38.24936,-122.03997,5347335,PPLA2
317,Lansing,MI,US,112644,lansing-mi,42.73253,-84.55553,4998830,PPLA
318,Rochester,MN,US,112225,rochester-mn,44.02163,-92.4699,5043473,PPLA2
319,Elgin,IL,US,112111,elgin-il,42.03725,-88.28119,4890864,PPL
320,West Jordan,UT,US,111946,west-jordan-ut,40.60967,-111.9391,5784549,PPL
321,Inglewood,CA,US,111666,inglewood-ca,33.96168,-118.35313,5359488,PPL
322,Terrebonne,QC,CA,111575,terrebonne-qc,45.70004,-73.64732,6163012,PPL
323,Tuscaloosa,AL,US,111338,tuscaloosa-al,33.20984,-87.56917,4094455,PPLA2
324,Richardson,TX,US,110815,richardson-tx,32.94818,-96.72972,4722625,PPL
325,Lowell,MA,US,110699,lowell-ma,42.63342,-71.31617,4942618,PPL
326,East Independence,MO,US,110675,east-independence-mo,39.09556,-94.35523,4385018,PPL
327,Gresham,OR,US,110553,gresham-or,45.49818,-122.43148,5729485,PPL
328,Antioch,CA,US,110542,antioch-ca,38.00492,-121.80579,5324200,PPL
329,St. John's,NL,CA,110525,st-john-s-nl,47.56494,-52.70931,6324733,PPLA
330,Cambridge,MA,US,110402,cambridge-ma,42.3751,-71.10561,4931972,PPL
331,High Point,NC,US,110268,high-point-nc,35.95569,-80.00532,4471025,PPL
332,Manchester,NH,US,110229,manchester-nh,42.99564,-71.45479,5089178,PPL
333,Temecula,CA,US,110003,temecula-ca,33.49364,-117.14836,5401395,PPL
334,Murrieta,CA,US,109830,murrieta-ca,33.55391,-117.21392,5375911,PPL
335,Centennial,CO,US,109741,centennial-co,39.57916,-104.87692,5416541,PPL
336,Richmond,CA,US,109708,richmond-ca,37.93576,-122.34775,5387428,PPL
337,Pueblo,CO,US,109412,pueblo-co,38.25445,-104.60914,5435464,PPLA2
338,Thunder Bay,ON,CA,108843,thunder-bay-on,48.38202,-89.25018,6166142,PPL
339,Pearland,TX,US,108821,pearland-tx,29.56357,-95.28605,4718097,PPL
340,Waterbury,CT,US,108802,waterbury-ct,41.55815,-73.0515,4845193,PPL
341,Greeley,CO,US,108795,greeley-co,40.42331,-104.70913,5577592,PPLA2
342,West Covina,CA,US,108484,west-covina-ca,34.06862,-117.93895,5407933,PPL
343,Enterprise,NV,US,108481,enterprise-nv,36.02525,-115.24194,5503766,PPL
344,North Charleston,SC,US,108304,north-charleston-sc,32.85462,-79.97481,4589387,PPL
345,Everett,WA,US,108010,everett-wa,47.97898,-122.20208,5793933,PPLA2
346,College Station,TX,US,107889,college-station-tx,30.62798,-96.33441,4682464,PPL
347,Pompano Beach,FL,US,107762,pompano-beach-fl,26.23786,-80.12477,4169014,PPL
348,South Fulton,GA,US,107436,south-fulton-ga,33.59259,-84.67294,12541728,PPL?
349,Norwalk,CA,US,107140,norwalk-ca,33.90224,-118.08173,5377995,PPL
350,Boulder,CO,US,106803,boulder-co,40.01499,-105.27055,5574991,PPLA2
351,Broken Arrow,OK,US,106563,broken-arrow-ok,36.0526,-95.79082,4531405,PPL
352,Daly City,CA,US,106562,daly-city-ca,37.70577,-122.46192,5341430,PPL
353,Sandy Springs,GA,US,105330,sandy-springs-ga,33.92427,-84.37854,4221333,PPL
354,Burbank,CA,US,105319,burbank-ca,34.18084,-118.30897,5331835,PPL
355,Green Bay,WI,US,105207,green-bay-wi,44.51916,-88.01983,5254962,PPLA2
356,Santa Maria,CA,US,105093,santa-maria-ca,34.95303,-120.43572,5393180,PPL
357,Universal City,CA,US,105000,universal-city-ca,34.1389,-118.35341,5404794,PPL
358,Waterloo,ON,CA,104986,waterloo-on,43.4668,-80.51639,6176823,PPL
359,Wichita Falls,TX,US,104710,wichita-falls-tx,33.91371,-98.49339,4741752,PPLA2
360,Brantford,ON,CA,104688,brantford-on,43.1334,-80.26636,5907990,PPL
361,Kamloops,BC,CA,104460,kamloops-bc,50.66648,-120.3192,5989045,PPL
362,Lakeland,FL,US,104401,lakeland-fl,28.03947,-81.9498,4161438,PPL
363,Clovis,CA,US,104180,clovis-ca,36.82523,-119.70292,5338122,PPL
364,Lewisville,TX,US,104039,lewisville-tx,33.04623,-96.99417,4706057,PPL
365,Tyler,TX,US,103700,tyler-tx,32.35126,-95.30106,4738214,PPLA2
366,El Cajon,CA,US,103679,el-cajon-ca,32.79477,-116.96253,5345529,PPL
367,San Mateo,CA,US,103536,san-mateo-ca,37.56299,-122.32553,5392423,PPL
368,Brandon,FL,US,103483,brandon-fl,27.9378,-82.28592,4148757,PPL
369,Lethbridge,AB,CA,103197,lethbridge-ab,49.69999,-112.81856,6053154,PPL
370,Rialto,CA,US,103132,rialto-ca,34.1064,-117.37032,5387288,PPL
371,Davenport,IA,US,102582,davenport-ia,41.52364,-90.57764,4853423,PPLA2
372,Edison,NJ,US,102548,edison-nj,40.51872,-74.4121,5097529,PPL
373,Hillsboro,OR,US,102347,hillsboro-or,45.52289,-122.98983,5731371,PPLA2
374,Delta,BC,CA,101668,delta-bc,49.08917,-123.05322,5937615,PPL
375,Las Cruces,NM,US,101643,las-cruces-nm,32.31232,-106.77834,5475352,PPLA2
376,South Bend,IN,US,101516,south-bend-in,41.68338,-86.25001,4926563,PPLA2
377,Chilliwack,BC,CA,101491,chilliwack-bc,49.16638,-121.95257,5921356,PPLA2
378,Albany,NY,US,101228,albany-ny,42.65258,-73.75623,5106834,PPLA
379,New Bedford,MA,US,101079,new-bedford-ma,41.63526,-70.92701,4945121,PPL
380,Vista,CA,US,100890,vista-ca,33.20004,-117.24254,5406602,PPL
381,Davie,FL,US,100882,davie-fl,26.06287,-80.2331,4152820,PPL
382,Red Deer,AB,CA,100844,red-deer-ab,52.26682,-113.802,6118158,PPL
383,Renton,WA,US,100242,renton-wa,47.48288,-122.21707,5808189,PPL
384,Roanoke,VA,US,100011,roanoke-va,37.27097,-79.94143,4782167,PPLA2
