Niche,Category,Subcategory
Copper standing-seam roofing,Roofing & Metal,Metal Roofing
Copper flat-lock roofing,Roofing & Metal,Metal Roofing
Zinc roofing,Roofing & Metal,Metal Roofing
Slate roof installation,Roofing & Metal,Slate Roofing
Slate roof restoration,Roofing & Metal,Slate Roofing
Clay tile roof restoration,Roofing & Metal,Tile Roofing
Cedar shake roof restoration,Roofing & Metal,Wood Roofing
Historic roof consulting,Roofing & Metal,Historic Roofing
Custom copper gutters,Roofing & Metal,Gutters
Copper half-round gutters,Roofing & Metal,Gutters
Copper box gutters,Roofing & Metal,Gutters
Copper-lined wood gutters,Roofing & Metal,Gutters
Custom leader heads,Roofing & Metal,Gutters
Ornamental downspouts,Roofing & Metal,Gutters
Rain chains,Roofing & Metal,Gutters
Copper chimney caps,Roofing & Metal,Copper Details
Copper chimney shrouds,Roofing & Metal,Copper Details
Snow guard systems,Roofing & Metal,Roof Accessories
Roof finials,Roofing & Metal,Architectural Metal
Cupola restoration,Roofing & Metal,Architectural Metal
Dormer cladding,Roofing & Metal,Architectural Metal
Bay window copper roofs,Roofing & Metal,Metal Roofing
Turret roofing,Roofing & Metal,Specialty Roofing
Metal wall panels,Roofing & Metal,Architectural Metal
Custom flashing fabrication,Roofing & Metal,Sheet Metal
Through-wall flashing retrofits,Roofing & Metal,Sheet Metal
Built-in gutter restoration,Roofing & Metal,Gutters
Yankee gutter restoration,Roofing & Metal,Gutters
Soldered seam gutter repairs,Roofing & Metal,Gutters
Historic sheet-metal replication,Roofing & Metal,Historic Metal
Decorative cornice restoration,Roofing & Metal,Historic Metal
Standing-seam accent roofs,Roofing & Metal,Metal Roofing
Porch roof metal upgrades,Roofing & Metal,Metal Roofing
Estate roof maintenance plans,Roofing & Metal,Maintenance
Skylight flashing retrofits,Roofing & Metal,Sheet Metal
Skylight curb rebuilds,Roofing & Metal,Roof Accessories
Slate and copper annual maintenance,Roofing & Metal,Maintenance
Roof leak diagnostics for luxury homes,Roofing & Metal,Diagnostics
Ice dam mitigation retrofits,Roofing & Metal,Diagnostics
Storm-damage slate matching,Roofing & Metal,Repair
Salvaged slate sourcing and installation,Roofing & Metal,Repair
Copper roof vent fabrication,Roofing & Metal,Copper Details
Ridge cap fabrication,Roofing & Metal,Sheet Metal
Custom soffit and fascia metalwork,Roofing & Metal,Architectural Metal
Architectural metal accents,Roofing & Metal,Architectural Metal
Custom metal awnings,Roofing & Metal,Architectural Metal
Zinc finial fabrication,Roofing & Metal,Architectural Metal
Roof drainage redesign,Roofing & Metal,Gutters
Historic gutter replication,Roofing & Metal,Historic Metal
Architectural sheet-metal consulting,Roofing & Metal,Consulting
Interior limewash,Decorative Finishes,Limewash
Exterior brick limewash,Decorative Finishes,Limewash
Distressed limewash finishes,Decorative Finishes,Limewash
Venetian plaster walls,Decorative Finishes,Plaster
Venetian plaster ceilings,Decorative Finishes,Plaster
Tadelakt bathrooms,Decorative Finishes,Plaster
Microcement bathrooms,Decorative Finishes,Microcement
Microcement fireplaces,Decorative Finishes,Microcement
Mineral plaster feature walls,Decorative Finishes,Plaster
Roman clay walls,Decorative Finishes,Clay Finish
Polished plaster,Decorative Finishes,Plaster
Marmorino finishes,Decorative Finishes,Plaster
Travertine-look plaster,Decorative Finishes,Plaster
Stucco restoration,Decorative Finishes,Stucco
Heritage stucco replication,Decorative Finishes,Stucco
Stone facade cleaning,Masonry & Stone,Stone Restoration
Stone facade repointing,Masonry & Stone,Stone Restoration
Brick repointing with lime mortar,Masonry & Stone,Brick Restoration
Historic mortar matching,Masonry & Stone,Brick Restoration
Brick tinting and blending,Masonry & Stone,Brick Restoration
Invisible facade patch repair,Masonry & Stone,Facade Repair
Parge coat restoration,Masonry & Stone,Foundation Finish
Foundation stone restoration,Masonry & Stone,Stone Restoration
Fieldstone wall restoration,Masonry & Stone,Stone Restoration
Chimney masonry restoration,Masonry & Stone,Chimneys
Heritage masonry waterproofing,Masonry & Stone,Waterproofing
Efflorescence treatment,Masonry & Stone,Facade Cleaning
Masonry crack stitching,Masonry & Stone,Structural Repair
Lintel replacement,Masonry & Stone,Structural Repair
Window arch reconstruction,Masonry & Stone,Masonry Repair
Cast stone repair,Masonry & Stone,Stone Restoration
Precast trim restoration,Masonry & Stone,Facade Repair
Terra cotta facade repair,Masonry & Stone,Facade Repair
Decorative plaster molding restoration,Decorative Finishes,Plaster Restoration
Medallion and cornice plaster restoration,Decorative Finishes,Plaster Restoration
Hand-troweled clay plaster,Decorative Finishes,Clay Finish
Venetian plaster shower systems,Decorative Finishes,Plaster
Tadelakt sinks and vanities,Decorative Finishes,Plaster
Lime-based basement coatings,Decorative Finishes,Lime Finish
Exterior mineral wash facades,Decorative Finishes,Mineral Finish
Brick slurry and lime slurry finishes,Decorative Finishes,Lime Finish
Custom plaster fireplace surrounds,Decorative Finishes,Plaster
Exterior stucco sculpting,Decorative Finishes,Stucco
Lime render application,Decorative Finishes,Lime Finish
Lime render repair,Decorative Finishes,Lime Finish
Historic paint removal on masonry,Masonry & Stone,Surface Prep
Soft-wash facade restoration,Masonry & Stone,Facade Cleaning
Mineral charcoal finish walls,Decorative Finishes,Mineral Finish
Acoustic plaster ceilings,Decorative Finishes,Plaster
Decorative wall glaze and patina finishes,Decorative Finishes,Wall Finish
Custom concrete pools,Pools & Outdoor Builds,Pools
Luxury gunite pools,Pools & Outdoor Builds,Pools
Vanishing-edge pools,Pools & Outdoor Builds,Pools
Perimeter-overflow pools,Pools & Outdoor Builds,Pools
Plunge pools,Pools & Outdoor Builds,Pools
Courtyard pools,Pools & Outdoor Builds,Pools
Lap pools,Pools & Outdoor Builds,Pools
Indoor pools,Pools & Outdoor Builds,Pools
Pool remodeling,Pools & Outdoor Builds,Pools
Pool resurfacing with premium finishes,Pools & Outdoor Builds,Pools
Glass tile pool interiors,Pools & Outdoor Builds,Pools
Natural stone pool coping,Pools & Outdoor Builds,Pools
Pool grotto construction,Pools & Outdoor Builds,Water Features
Swim-up bars,Pools & Outdoor Builds,Pool Features
Pool waterfalls,Pools & Outdoor Builds,Water Features
Fire-and-water features,Pools & Outdoor Builds,Water Features
Integrated spas,Pools & Outdoor Builds,Spa Features
Cold plunge installations,Pools & Outdoor Builds,Wellness Outdoors
Sauna and plunge suites,Pools & Outdoor Builds,Wellness Outdoors
Pool house design-build,Pools & Outdoor Builds,Structures
Cabana design-build,Pools & Outdoor Builds,Structures
Four-season cabanas,Pools & Outdoor Builds,Structures
Outdoor kitchens,Pools & Outdoor Builds,Outdoor Living
Luxury pergolas,Pools & Outdoor Builds,Outdoor Living
Louvered roof systems,Pools & Outdoor Builds,Outdoor Living
Covered outdoor rooms,Pools & Outdoor Builds,Outdoor Living
Pavilion construction,Pools & Outdoor Builds,Structures
Detached guest cabanas,Pools & Outdoor Builds,Structures
Outdoor showers,Pools & Outdoor Builds,Outdoor Living
Tennis court construction,Pools & Outdoor Builds,Courts
Pickleball court construction,Pools & Outdoor Builds,Courts
Custom putting greens,Pools & Outdoor Builds,Recreation
Landscape lighting design-build,Pools & Outdoor Builds,Landscape Systems
Estate irrigation systems,Pools & Outdoor Builds,Landscape Systems
Smart landscape drainage,Pools & Outdoor Builds,Drainage
Heated driveways,Pools & Outdoor Builds,Exterior Comfort
Herringbone walkways,Pools & Outdoor Builds,Hardscaping
Natural stone terraces,Pools & Outdoor Builds,Hardscaping
Bluestone patios,Pools & Outdoor Builds,Hardscaping
Porcelain slab terraces,Pools & Outdoor Builds,Hardscaping
Premium retaining walls,Pools & Outdoor Builds,Hardscaping
Outdoor fireplaces,Pools & Outdoor Builds,Outdoor Living
Outdoor firebowls,Pools & Outdoor Builds,Outdoor Living
Garden studios,Pools & Outdoor Builds,Detached Spaces
Luxury sheds,Pools & Outdoor Builds,Detached Spaces
Backyard offices,Pools & Outdoor Builds,Detached Spaces
Screened porches,Pools & Outdoor Builds,Outdoor Living
Conservatories,Pools & Outdoor Builds,Glass Structures
Greenhouse design-build,Pools & Outdoor Builds,Glass Structures
Full backyard resort build-outs,Pools & Outdoor Builds,Outdoor Living
Dry ice blasting for wood beams,Restoration & Cleaning,Specialty Cleaning
Dry ice blasting for smoke restoration,Restoration & Cleaning,Specialty Cleaning
Soda blasting for delicate surfaces,Restoration & Cleaning,Specialty Cleaning
Dustless blasting for masonry prep,Restoration & Cleaning,Surface Prep
Laser cleaning for stone and metal,Restoration & Cleaning,Specialty Cleaning
Media blasting for log homes,Restoration & Cleaning,Specialty Cleaning
Log home restoration,Restoration & Cleaning,Wood Restoration
Timber frame restoration,Restoration & Cleaning,Wood Restoration
Smoke odor remediation,Restoration & Cleaning,Remediation
Fine-finish mold remediation,Restoration & Cleaning,Remediation
Luxury water damage restoration,Restoration & Cleaning,Disaster Restoration
Luxury fire damage restoration,Restoration & Cleaning,Disaster Restoration
Storm restoration for estates,Restoration & Cleaning,Disaster Restoration
Waterfront home restoration,Restoration & Cleaning,Disaster Restoration
Building envelope investigation,Restoration & Cleaning,Diagnostics
Moisture mapping and leak detection,Restoration & Cleaning,Diagnostics
Thermal imaging diagnostics,Restoration & Cleaning,Diagnostics
Crawlspace encapsulation,Restoration & Cleaning,Moisture Control
Basement waterproofing for finished luxury homes,Restoration & Cleaning,Waterproofing
Whole-home dehumidification systems,Restoration & Cleaning,Moisture Control
Art-safe pack-out and contents restoration,Restoration & Cleaning,Contents Restoration
Wine cellar disaster restoration,Restoration & Cleaning,Disaster Restoration
Stone floor restoration,Restoration & Cleaning,Floor Restoration
Marble honing and polishing,Restoration & Cleaning,Floor Restoration
Terrazzo restoration,Restoration & Cleaning,Floor Restoration
Historic hardwood floor refinishing,Restoration & Cleaning,Floor Restoration
Antique window restoration,Restoration & Cleaning,Window Restoration
Steel window restoration,Restoration & Cleaning,Window Restoration
Leaded glass restoration,Restoration & Cleaning,Glass Restoration
Skylight restoration,Restoration & Cleaning,Window Restoration
Historic door restoration,Restoration & Cleaning,Door Restoration
Decorative hardware restoration,Restoration & Cleaning,Metal Restoration
Metal railing restoration,Restoration & Cleaning,Metal Restoration
Bronze and brass preservation,Restoration & Cleaning,Metal Restoration
Exterior wood siding restoration,Restoration & Cleaning,Wood Restoration
Cedar shingle siding restoration,Restoration & Cleaning,Wood Restoration
Sash cord and balance repair,Restoration & Cleaning,Window Restoration
Heritage weatherstripping retrofits,Restoration & Cleaning,Window Restoration
Crawlspace mold remediation,Restoration & Cleaning,Remediation
Attic mold remediation,Restoration & Cleaning,Remediation
Ice-dam damage restoration,Restoration & Cleaning,Disaster Restoration
Chimney leak remediation,Restoration & Cleaning,Chimney Repair
Salt-air corrosion remediation,Restoration & Cleaning,Metal Restoration
Terracotta tile restoration,Restoration & Cleaning,Tile Restoration
Reclaimed material matching service,Restoration & Cleaning,Sourcing
Insurance documentation for high-value homes,Restoration & Cleaning,Consulting
Estate maintenance concierge,Restoration & Cleaning,Maintenance
Seasonal estate opening and closing,Restoration & Cleaning,Maintenance
Post-construction fine cleaning,Restoration & Cleaning,Specialty Cleaning
Preservation consulting for historic residences,Restoration & Cleaning,Consulting
Home gym design-build,Wellness & Fitness,Fitness Rooms
Boutique home gym fit-outs,Wellness & Fitness,Fitness Rooms
Golf simulator room build-outs,Wellness & Fitness,Fitness Rooms
Yoga studio construction,Wellness & Fitness,Wellness Rooms
Pilates reformer rooms,Wellness & Fitness,Wellness Rooms
Infrared sauna installation,Wellness & Fitness,Saunas
Finnish sauna rooms,Wellness & Fitness,Saunas
Steam room construction,Wellness & Fitness,Steam Rooms
Cold plunge room installs,Wellness & Fitness,Recovery Rooms
Wellness suite design-build,Wellness & Fitness,Wellness Suites
Recovery room build-outs,Wellness & Fitness,Recovery Rooms
Meditation room soundproofing,Wellness & Fitness,Wellness Rooms
Circadian lighting retrofits,Wellness & Fitness,Lighting
Rubber gym flooring systems,Wellness & Fitness,Fitness Rooms
Acoustic gym wall systems,Wellness & Fitness,Fitness Rooms
Climate-controlled fitness rooms,Wellness & Fitness,Fitness Rooms
Spa bathroom conversions,Wellness & Fitness,Spa Bathrooms
Aromatherapy steam shower installs,Wellness & Fitness,Spa Bathrooms
Salt room construction,Wellness & Fitness,Wellness Rooms
Red-light therapy room build-outs,Wellness & Fitness,Wellness Rooms
Indoor lap pool enclosures,Wellness & Fitness,Pools
Contrast therapy suites,Wellness & Fitness,Recovery Rooms
Massage room build-outs,Wellness & Fitness,Wellness Rooms
Wellness-focused HVAC retrofits,Wellness & Fitness,HVAC
Luxury locker-room style changing rooms,Wellness & Fitness,Dressing Rooms
Custom wine cellar construction,Wine & Entertaining,Wine Storage
Climate-controlled wine rooms,Wine & Entertaining,Wine Storage
Glass wine wall installations,Wine & Entertaining,Wine Storage
Wine cellar cooling systems,Wine & Entertaining,Wine Storage
Tasting room build-outs,Wine & Entertaining,Entertaining
Humidor room construction,Wine & Entertaining,Cigar Rooms
Cigar lounge ventilation systems,Wine & Entertaining,Cigar Rooms
Home bar millwork packages,Wine & Entertaining,Bars
Speakeasy basement conversions,Wine & Entertaining,Bars
Whiskey tasting room design,Wine & Entertaining,Entertaining
Sommelier-style display cellar builds,Wine & Entertaining,Wine Storage
AI wine inventory system integration,Wine & Entertaining,Smart Systems
Beverage center installations,Wine & Entertaining,Beverage Stations
Coffee bar build-outs,Wine & Entertaining,Beverage Stations
Butler's pantry expansions,Wine & Entertaining,Pantries
Dirty kitchen/scullery build-outs,Wine & Entertaining,Pantries
Entertaining prep kitchens,Wine & Entertaining,Entertaining
Hidden liquor cabinet millwork,Wine & Entertaining,Bars
Backlit bottle display walls,Wine & Entertaining,Bars
Walk-in pantry luxury retrofits,Wine & Entertaining,Pantries
Wet bar stone and millwork packages,Wine & Entertaining,Bars
Ice machine and beverage appliance integration,Wine & Entertaining,Beverage Stations
Glass-enclosed tasting lounge builds,Wine & Entertaining,Entertaining
Banquette-style hosting rooms,Wine & Entertaining,Entertaining
Event-ready serving kitchen retrofits,Wine & Entertaining,Entertaining
Home theater construction,Entertainment & Hobby,Theaters
Tiered theater seating installs,Entertainment & Hobby,Theaters
Acoustic panel theater packages,Entertainment & Hobby,Theaters
Immersive gaming room build-outs,Entertainment & Hobby,Gaming Rooms
Arcade room design-build,Entertainment & Hobby,Gaming Rooms
Music room acoustic treatment,Entertainment & Hobby,Music Rooms
Drum room sound isolation,Entertainment & Hobby,Music Rooms
Podcast studio build-outs,Entertainment & Hobby,Studios
Content creator studio rooms,Entertainment & Hobby,Studios
Screening room conversions,Entertainment & Hobby,Theaters
Billiards room design,Entertainment & Hobby,Game Rooms
Poker room millwork and lighting,Entertainment & Hobby,Game Rooms
Casino room build-outs,Entertainment & Hobby,Game Rooms
Sports memorabilia display rooms,Entertainment & Hobby,Display Rooms
Collectibles showcase rooms,Entertainment & Hobby,Display Rooms
Trophy wall and display carpentry,Entertainment & Hobby,Display Rooms
Library build-outs,Entertainment & Hobby,Libraries
Reading nook millwork,Entertainment & Hobby,Libraries
Executive home office suites,Entertainment & Hobby,Home Office
Boardroom-style home office conversions,Entertainment & Hobby,Home Office
Soundproof executive office pods,Entertainment & Hobby,Home Office
Zoom room acoustic retrofits,Entertainment & Hobby,Home Office
Hidden office installations,Entertainment & Hobby,Home Office
Telescope observatory room conversions,Entertainment & Hobby,Specialty Rooms
Craft room luxury fit-outs,Entertainment & Hobby,Specialty Rooms
Hidden bookshelf doors,Security & Special Use,Hidden Rooms
Secret room construction,Security & Special Use,Hidden Rooms
Panic room installations,Security & Special Use,Safe Rooms
Storm shelter retrofits,Security & Special Use,Safe Rooms
Safe room ventilation systems,Security & Special Use,Safe Rooms
Biometric room access systems,Security & Special Use,Access Control
Reinforced luxury safe rooms,Security & Special Use,Safe Rooms
Vault room construction,Security & Special Use,Safe Rooms
Gun room display and security build-outs,Security & Special Use,Secure Storage
Jewelry safe room millwork,Security & Special Use,Secure Storage
Hidden closet compartments,Security & Special Use,Hidden Storage
Secure art storage rooms,Security & Special Use,Secure Storage
Luxury package room installations,Security & Special Use,Secure Entry
Estate gate automation,Security & Special Use,Gates
Driveway gate systems,Security & Special Use,Gates
Guardhouse/courtyard gatehouse builds,Security & Special Use,Gates
Privacy film and smart glass installs,Security & Special Use,Privacy Systems
Ballistic glazing consultation and install,Security & Special Use,Security Glass
High-end surveillance integration,Security & Special Use,Security Systems
Perimeter beam security systems,Security & Special Use,Security Systems
Concealed security room retrofits,Security & Special Use,Safe Rooms
Secure server room builds,Security & Special Use,Secure Storage
Generator bunker enclosures,Security & Special Use,Utility Protection
High-end stormproof shutters,Security & Special Use,Storm Protection
Safe egress hidden stair systems,Security & Special Use,Hidden Rooms
Motorized louvered pergolas,Outdoor Systems,Pergolas
Retractable roof pergolas,Outdoor Systems,Pergolas
Retractable weather screens,Outdoor Systems,Screens
Retractable glass wall systems,Outdoor Systems,Glass Systems
Outdoor radiant heater installation,Outdoor Systems,Climate Control
Luxury patio fan systems,Outdoor Systems,Climate Control
Smart outdoor comfort integration,Outdoor Systems,Smart Systems
Porch enclosure systems,Outdoor Systems,Enclosures
Four-season outdoor rooms,Outdoor Systems,Enclosures
Rooftop terrace build-outs,Outdoor Systems,Terraces
Outdoor cinema installations,Outdoor Systems,Entertainment Outdoors
Dock shade systems,Outdoor Systems,Shade Systems
Waterfront shade structures,Outdoor Systems,Shade Systems
Marina-grade outdoor kitchens,Outdoor Systems,Outdoor Kitchens
Outdoor pizza oven builds,Outdoor Systems,Outdoor Kitchens
Sunken lounge construction,Outdoor Systems,Outdoor Living
Fire table gas integration,Outdoor Systems,Outdoor Living
Outdoor misting systems,Outdoor Systems,Climate Control
Luxury shade sail systems,Outdoor Systems,Shade Systems
Poolside lounge pavilions,Outdoor Systems,Pavilions
Detached changing cabanas,Outdoor Systems,Cabanas
Outdoor bathroom additions,Outdoor Systems,Outdoor Living
Resort-style shower pavilions,Outdoor Systems,Outdoor Living
Outdoor sound system integration,Outdoor Systems,Audio
Landscape audio zones,Outdoor Systems,Audio
Outdoor TV weatherproof installs,Outdoor Systems,Entertainment Outdoors
Smart irrigation with weather control,Outdoor Systems,Landscape Systems
Greenhouse luxury installs,Outdoor Systems,Glass Structures
Orangerie/conservatory construction,Outdoor Systems,Glass Structures
Edible garden build-outs,Outdoor Systems,Gardens
Raised corten steel garden systems,Outdoor Systems,Gardens
Estate vegetable garden layouts,Outdoor Systems,Gardens
Garden lighting automation,Outdoor Systems,Lighting
Heated patio flooring,Outdoor Systems,Exterior Comfort
Snow-melt exterior systems,Outdoor Systems,Exterior Comfort
Driveway hydronic heating,Outdoor Systems,Exterior Comfort
Outdoor towel warming cabinets,Outdoor Systems,Spa Outdoors
Spa garden design-build,Outdoor Systems,Wellness Outdoors
Cold plunge garden courts,Outdoor Systems,Wellness Outdoors
Outdoor wellness pavilion construction,Outdoor Systems,Wellness Outdoors
Climate-controlled showroom garages,Collector & Lifestyle,Garages
Car lift garage installations,Collector & Lifestyle,Garages
Garage turntable systems,Collector & Lifestyle,Garages
Luxury garage cabinetry,Collector & Lifestyle,Garages
Epoxy and polyaspartic showroom floors,Collector & Lifestyle,Garages
EV showcase garage design,Collector & Lifestyle,Garages
Detail bay garage conversions,Collector & Lifestyle,Garages
Exotic car storage rooms,Collector & Lifestyle,Garages
Motorcycle display room builds,Collector & Lifestyle,Garages
Custom aquarium installation,Collector & Lifestyle,Specialty Installations
In-wall aquarium construction,Collector & Lifestyle,Specialty Installations
Paludarium and terrarium walls,Collector & Lifestyle,Specialty Installations
Indoor living walls,Collector & Lifestyle,Biophilic Design
Moss wall installations,Collector & Lifestyle,Biophilic Design
Scent diffusion system installs,Collector & Lifestyle,Smart Systems
Luxury closet boutique build-outs,Collector & Lifestyle,Closets
Handbag and watch display rooms,Collector & Lifestyle,Closets
Sneaker room millwork,Collector & Lifestyle,Closets
Jewelry dressing lounge fit-outs,Collector & Lifestyle,Dressing Rooms
Vanity and glam room design,Collector & Lifestyle,Dressing Rooms
Hair salon room build-outs,Collector & Lifestyle,Specialty Rooms
Makeup studio rooms,Collector & Lifestyle,Specialty Rooms
Pet spa and dog wash rooms,Collector & Lifestyle,Pet Spaces
Luxury kennel rooms,Collector & Lifestyle,Pet Spaces
Indoor dog agility rooms,Collector & Lifestyle,Pet Spaces
Cat climbing wall systems,Collector & Lifestyle,Pet Spaces
Bird room specialty ventilation,Collector & Lifestyle,Pet Spaces
Safe plant room retrofits for legal residential use,Collector & Lifestyle,Specialty Rooms
Seasonal decor storage rooms,Collector & Lifestyle,Storage
Gift wrapping room build-outs,Collector & Lifestyle,Specialty Rooms
Fine-art hanging systems,Collector & Lifestyle,Art Display
Gallery lighting retrofits,Collector & Lifestyle,Art Display
Sculpture pedestal fabrication,Collector & Lifestyle,Art Display
Collector room humidity control,Collector & Lifestyle,Collection Care
Hidden library doors and passageways,Collector & Lifestyle,Hidden Rooms
